Date,Price
2021-04-24,51146.21
2021-04-23,51697.92
2021-04-22,53889.21
2021-04-21,56573.63
2021-04-20,55663.25
2021-04-19,56763.56
2021-04-18,60100.5
2021-04-17,61512.26
2021-04-16,63226.94
2021-04-15,62951.13
2021-04-14,63593.59
2021-04-13,59877.46
2021-04-12,60009.33
2021-04-11,59788.16
2021-04-10,58090
2021-04-09,58046.11
2021-04-08,55950.31
2021-04-07,58014.75
2021-04-06,59069.41
2021-04-05,58253.06
2021-04-04,57096.92
2021-04-03,58963.98
2021-04-02,58781.68
2021-04-01,58702.19
2021-03-31,58775.07
2021-03-30,57670.91
2021-03-29,55794.32
2021-03-28,55851.59
2021-03-27,55046.56
2021-03-26,51315.98
2021-03-25,52404.43
2021-03-24,54400
2021-03-23,54427
2021-03-22,57374.54
2021-03-21,58082.21
2021-03-20,58083
2021-03-19,57672.65
2021-03-18,58849.97
2021-03-17,56799.97
2021-03-16,55700
2021-03-15,59161.03
2021-03-14,61040.64
2021-03-13,57209.67
2021-03-12,57909.61
2021-03-11,55926.59
2021-03-10,54871.77
2021-03-09,52199.96
2021-03-08,51015.53
2021-03-07,48882.47
2021-03-06,48844.23
2021-03-05,48358.79
2021-03-04,50500
2021-03-03,48500.95
2021-03-02,49629.73
2021-03-01,45244.22
2021-02-28,46204.97
2021-02-27,46273.04
2021-02-26,47058.95
2021-02-25,49716.36
2021-02-24,48851.18
2021-02-23,54231.87
2021-02-22,57637
2021-02-21,56317.55
2021-02-20,55937.05
2021-02-19,51615.01
2021-02-18,52158
2021-02-17,49188.74
2021-02-16,47916.59
2021-02-15,48691.92
2021-02-14,47098.81
2021-02-13,47427.52
2021-02-12,48034.95
2021-02-11,44934.43
2021-02-10,46510.48
2021-02-09,46200
2021-02-08,38832.74
2021-02-07,39291.14
2021-02-06,38245
2021-02-05,37002.46
2021-02-04,37650
2021-02-03,35505.19
2021-02-02,33574.03
2021-02-01,33076.89
2021-01-31,34217.54
2021-01-30,34316.55
2021-01-29,33375.46
2021-01-28,30504.27
2021-01-27,32510.7
2021-01-26,32250
2021-01-25,32230.2
2021-01-24,32002.13
2021-01-23,32955.5
2021-01-22,30824.61
2021-01-21,35490.99
2021-01-20,36011
2021-01-19,36667.62
2021-01-18,35814
2021-01-17,36029.04
2021-01-16,36894.3
2021-01-15,39139.87
2021-01-14,37373.99
2021-01-13,33932.06
2021-01-12,35315.84
2021-01-11,38197.86
2021-01-10,40110
2021-01-09,40619.04
2021-01-08,39499.99
2021-01-07,36903.15
2021-01-06,33886.24
2021-01-05,31988.99
2021-01-04,33082.38
2021-01-03,32277.55
2021-01-02,29371.76
2021-01-01,29000
2020-12-31,28873.84
2020-12-30,27376.95
2020-12-29,27027.57
2020-12-28,26236.48
2020-12-27,26474.7
2020-12-26,24707.84
2020-12-25,23749.47
2020-12-24,23209.25
2020-12-23,23808.31
2020-12-22,22775.6
2020-12-21,23484.17
2020-12-20,23847.7
2020-12-19,23146.71
2020-12-18,22850.73
2020-12-17,21350.65
2020-12-16,19431.89
2020-12-15,19256.31
2020-12-14,19149.3
2020-12-13,18815.8
2020-12-12,18033.07
2020-12-11,18246.68
2020-12-10,18550.01
2020-12-09,18321.31
2020-12-08,19201.18
2020-12-07,19387.1
2020-12-06,19148.48
2020-12-05,18657.55
2020-12-04,19440.26
2020-12-03,19220.03
2020-12-02,18818.4
2020-12-01,19661.92
2020-11-30,18197.05
2020-11-29,17740.13
2020-11-28,17130
2020-11-27,17161.61
2020-11-26,18732.2
2020-11-25,19155.27
2020-11-24,18390.62
2020-11-23,18467.82
2020-11-22,18688.8
2020-11-21,18671.32
2020-11-20,17824.18
2020-11-19,17816.41
2020-11-18,17637.8
2020-11-17,16720.83
2020-11-16,15966.86
2020-11-15,16100
2020-11-14,16333.87
2020-11-13,16300
2020-11-12,15713.19
2020-11-11,15314.71
2020-11-10,15336.53
2020-11-09,15484.24
2020-11-08,14844.12
2020-11-07,15600.64
2020-11-06,15596.88
2020-11-05,14160.81
2020-11-04,14024.09
2020-11-03,13575.49
2020-11-02,13757.46
2020-11-01,13806.6
2020-10-31,13566.34
2020-10-30,13467.7
2020-10-29,13287.24
2020-10-28,13653.06
2020-10-27,13083.89
2020-10-26,13040.5
2020-10-25,13129.91
2020-10-24,12937.67
2020-10-23,12977.89
2020-10-22,12824.79
2020-10-21,11926.82
2020-10-20,11759.14
2020-10-19,11507.92
2020-10-18,11365.44
2020-10-17,11326.77
2020-10-16,11502.2
2020-10-15,11434.32
2020-10-14,11435.36
2020-10-13,11539.5
2020-10-12,11378.81
2020-10-11,11300.01
2020-10-10,11064.04
2020-10-09,10928.15
2020-10-08,10668.51
2020-10-07,10606.65
2020-10-06,10787.63
2020-10-05,10677.29
2020-10-04,10549.08
2020-10-03,10573.7
2020-10-02,10617.68
2020-10-01,10770
2020-09-30,10836.95
2020-09-29,10698.5
2020-09-28,10769.81
2020-09-27,10743.7
2020-09-26,10690.73
2020-09-25,10740.85
2020-09-24,10231.01
2020-09-23,10532.01
2020-09-22,10415.9
2020-09-21,10915.56
2020-09-20,11076.58
2020-09-19,10933.45
2020-09-18,10915
2020-09-17,10952.94
2020-09-16,10782.52
2020-09-15,10670.58
2020-09-14,10327
2020-09-13,10444.54
2020-09-12,10385.12
2020-09-11,10348.17
2020-09-10,10228.91
2020-09-09,10120.05
2020-09-08,10371.88
2020-09-07,10258.22
2020-09-06,10162.69
2020-09-05,10466.77
2020-09-04,10228.04
2020-09-03,11400.75
2020-09-02,11911.58
2020-09-01,11655.28
2020-08-31,11700.21
2020-08-30,11476.46
2020-08-29,11524.66
2020-08-28,11315.21
2020-08-27,11476.76
2020-08-26,11337.69
2020-08-25,11761.32
2020-08-24,11648.49
2020-08-23,11674.54
2020-08-22,11541.04
2020-08-21,11862.01
2020-08-20,11762.49
2020-08-19,11969
2020-08-18,12270.96
2020-08-17,11911.58
2020-08-16,11865.1
2020-08-15,11765.68
2020-08-14,11772.61
2020-08-13,11574.28
2020-08-12,11390.2
2020-08-11,11896.23
2020-08-10,11689.41
2020-08-09,11767.04
2020-08-08,11598.16
2020-08-07,11758
2020-08-06,11733.42
2020-08-05,11196.11
2020-08-04,11225.16
2020-08-03,11063.65
2020-08-02,11816.25
2020-08-01,11354.88
2020-07-31,11099.85
2020-07-30,11112.18
2020-07-29,10934.35
2020-07-28,11031.85
2020-07-27,9929.67
2020-07-26,9679.71
2020-07-25,9547.99
2020-07-24,9603.62
2020-07-23,9534.67
2020-07-22,9389.33
2020-07-21,9194.56
2020-07-20,9239.04
2020-07-19,9199.34
2020-07-18,9190.62
2020-07-17,9159.48
2020-07-16,9199
2020-07-15,9254.81
2020-07-14,9236.49
2020-07-13,9298.92
2020-07-12,9233.07
2020-07-11,9287.31
2020-07-10,9237.69
2020-07-09,9422.56
2020-07-08,9244.21
2020-07-07,9334.21
2020-07-06,9177.38
2020-07-05,9213.26
2020-07-04,9182.06
2020-07-03,9197.88
2020-07-02,9290.77
2020-07-01,9217.89
2020-06-30,9286.39
2020-06-29,9332.61
2020-06-28,9187.84
2020-06-27,9282.2
2020-06-26,9363.19
2020-06-25,9364.96
2020-06-24,9617.25
2020-06-23,9682.85
2020-06-22,9386.01
2020-06-21,9449.48
2020-06-20,9376.77
2020-06-19,9402.64
2020-06-18,9485.45
2020-06-17,9586.03
2020-06-16,9522.57
2020-06-15,9417.76
2020-06-14,9515.05
2020-06-13,9495.09
2020-06-12,9325.2
2020-06-11,9855.84
2020-06-10,9760.78
2020-06-09,9727.99
2020-06-08,9711.51
2020-06-07,9659.62
2020-06-06,9631.92
2020-06-05,9765.9
2020-06-04,9667.15
2020-06-03,9511.5
2020-06-02,9511.5
2020-06-01,9428.04
2020-05-31,9632.74
2020-05-30,9423.7
2020-05-29,9513.46
2020-05-28,9225
2020-05-27,8951.47
2020-05-26,9003.79
2020-05-25,8800
2020-05-24,9226.04
2020-05-23,9186.97
2020-05-22,9066.85
2020-05-21,9523.34
2020-05-20,9789.4
2020-05-19,9704.64
2020-05-18,9618.78
2020-05-17,9389.26
2020-05-16,9295.19
2020-05-15,9781.84
2020-05-14,9301
2020-05-13,8885.98
2020-05-12,8686.36
2020-05-11,8791.13
2020-05-10,9552.35
2020-05-09,9798.3
2020-05-08,9896.73
2020-05-07,9154.95
2020-05-06,9028.85
2020-05-05,8917.3
2020-05-04,8915.72
2020-05-03,8981.62
2020-05-02,8831.66
2020-05-01,8643.84
2020-04-30,8773.05
2020-04-29,7790.96
2020-04-28,7790.15
2020-04-27,7700
2020-04-26,7543.85
2020-04-25,7500
2020-04-24,7490
2020-04-23,7241.46
2020-04-22,7014.25
2020-04-21,6995.5
2020-04-20,7230.96
2020-04-19,7325.78
2020-04-18,7150
2020-04-17,7265
2020-04-16,6931.64
2020-04-15,7165.04
2020-04-14,7149
2020-04-13,7164.58
2020-04-12,7081.07
2020-04-11,7030.63
2020-04-10,7417.69
2020-04-09,7465.92
2020-04-08,7334.84
2020-04-07,7397.43
2020-04-06,6924.96
2020-04-05,6990
2020-04-04,6891
2020-04-03,6978.86
2020-04-02,6886.59
2020-04-01,6708.6
2020-03-31,6713.65
2020-03-30,6233.58
2020-03-29,6569.43
2020-03-28,6647
2020-03-27,7015.16
2020-03-26,6975.68
2020-03-25,7033.19
2020-03-24,6814.41
2020-03-23,6206.89
2020-03-22,6426.34
2020-03-21,6501.86
2020-03-20,6496.8
2020-03-19,5835.7
2020-03-18,5736.72
2020-03-17,5538.69
2020-03-16,5873.17
2020-03-15,5812.79
2020-03-14,6137.35
2020-03-13,5428.71
2020-03-12,8335.7
2020-03-11,8302.73
2020-03-10,8314.67
2020-03-09,8519
2020-03-08,9199.68
2020-03-07,9416.6
2020-03-06,9367.61
2020-03-05,9063.63
2020-03-04,9013.37
2020-03-03,9190.42
2020-03-02,8882.37
2020-03-01,8872
2020-02-29,9024.47
2020-02-28,9167.94
2020-02-27,9106.2
2020-02-26,9604.31
2020-02-25,9800.75
2020-02-24,10085.28
2020-02-23,9934.91
2020-02-22,9975.91
2020-02-21,9796.92
2020-02-20,9755.76
2020-02-19,10186.9
2020-02-18,9707.32
2020-02-17,9942.89
2020-02-16,9921.62
2020-02-15,10335.32
2020-02-14,10222.98
2020-02-13,10345.66
2020-02-12,10244.5
2020-02-11,9834.35
2020-02-10,10122.92
2020-02-09,9895.82
2020-02-08,9801.22
2020-02-07,9758.25
2020-02-06,9589.3
2020-02-05,9253.67
2020-02-04,9322.34
2020-02-03,9369.61
2020-02-02,9383.83
2020-02-01,9372.36
2020-01-31,9512.23
2020-01-30,9335.16
2020-01-29,9487.63
2020-01-28,9084.59
2020-01-27,8857.4
2020-01-26,8639.66
2020-01-25,8725.5
2020-01-24,8642.5
2020-01-23,8895.07
2020-01-22,8976.56
2020-01-21,8872.06
2020-01-20,8965.3
2020-01-19,9141.94
2020-01-18,9101.62
2020-01-17,8930.78
2020-01-16,9002.28
2020-01-15,9057.58
2020-01-14,8430
2020-01-13,8489.77
2020-01-12,8360.61
2020-01-11,8498.71
2020-01-10,8146.69
2020-01-09,8250.25
2020-01-08,8363.62
2020-01-07,7995.07
2020-01-06,7629.4
2020-01-05,7634.86
2020-01-04,7624.79
2020-01-03,7335.05
2020-01-02,7538.05
2020-01-01,7493.73
2019-12-31,7537.49
2019-12-30,7680.49
2019-12-29,7645.68
2019-12-28,7595
2019-12-27,7596.96
2019-12-26,7578.7
2019-12-25,7594.43
2019-12-24,7638
2019-12-23,7843.8
2019-12-22,7494.5
2019-12-21,7525.93
2019-12-20,7526.66
2019-12-19,7708
2019-12-18,7028.96
2019-12-17,7305.62
2019-12-16,7463.68
2019-12-15,7439.07
2019-12-14,7573.24
2019-12-13,7521.83
2019-12-12,7518.57
2019-12-11,7524.29
2019-12-10,7633.94
2019-12-09,7782.49
2019-12-08,7786.41
2019-12-07,7810.25
2019-12-06,7652.99
2019-12-05,7505.85
2019-12-04,7614.53
2019-12-03,7642.92
2019-12-02,7734.33
2019-12-01,7857.98
2019-11-30,8007.56
2019-11-29,7742.98
2019-11-28,7820.31
2019-11-27,7480
2019-11-26,7505.4
2019-11-25,7377.69
2019-11-24,7801.78
2019-11-23,7710.38
2019-11-22,7975.45
2019-11-21,8356.28
2019-11-20,8461.79
2019-11-19,8521
2019-11-18,8792
2019-11-17,8774.37
2019-11-16,8747.81
2019-11-15,8903.94
2019-11-14,9025.99
2019-11-13,9049
2019-11-12,8961.37
2019-11-11,9234.61
2019-11-10,9035.16
2019-11-09,9008.33
2019-11-08,9343
2019-11-07,9393.69
2019-11-06,9360.37
2019-11-05,9461.18
2019-11-04,9303.77
2019-11-03,9384.05
2019-11-02,9333.89
2019-11-01,9240.74
2019-10-31,9243.48
2019-10-30,9416.38
2019-10-29,9254.73
2019-10-28,9560.93
2019-10-27,9283.85
2019-10-26,8871.09
2019-10-25,7789.01
2019-10-24,7841.04
2019-10-23,8268.25
2019-10-22,8450.06
2019-10-21,8460.12
2019-10-20,8228.87
2019-10-19,8227.1
2019-10-18,8326.69
2019-10-17,8246.69
2019-10-16,8380.77
2019-10-15,8564.69
2019-10-14,8552.77
2019-10-13,8535.13
2019-10-12,8451.11
2019-10-11,8676.26
2019-10-10,8626.65
2019-10-09,8312.79
2019-10-08,8432.7
2019-10-07,8155.73
2019-10-06,8382.1
2019-10-05,8413.91
2019-10-04,8493.48
2019-10-03,8632.85
2019-10-02,8581.54
2019-10-01,8544.62
2019-09-30,8328.39
2019-09-29,8495.44
2019-09-28,8433.72
2019-09-27,8287.78
2019-09-26,8671.22
2019-09-25,8886.07
2019-09-24,9937.4
2019-09-23,10228.06
2019-09-22,10172.63
2019-09-21,10334.01
2019-09-20,10400.14
2019-09-19,10302.86
2019-09-18,10342.82
2019-09-17,10374.25
2019-09-16,10412.85
2019-09-15,10475.09
2019-09-14,10467
2019-09-13,10553.28
2019-09-12,10336.47
2019-09-11,10292.12
2019-09-10,10475.23
2019-09-09,10543.31
2019-09-08,10644.25
2019-09-07,10473.64
2019-09-06,10695.39
2019-09-05,10678.71
2019-09-04,10677.25
2019-09-03,10446.19
2019-09-02,9976.42
2019-09-01,9878.36
2019-08-31,9875.48
2019-08-30,9774.99
2019-08-29,10033.57
2019-08-28,10318.14
2019-08-27,10463.93
2019-08-26,10364.88
2019-08-25,10385.75
2019-08-24,10581.6
2019-08-23,10361.49
2019-08-22,10340.89
2019-08-21,10854.61
2019-08-20,10967
2019-08-19,10496.12
2019-08-18,10424.22
2019-08-17,10529.88
2019-08-16,10479.22
2019-08-15,10159.05
2019-08-14,10936.91
2019-08-13,11410.3
2019-08-12,11571.14
2019-08-11,11332.29
2019-08-10,11885.95
2019-08-09,11986.99
2019-08-08,11926.76
2019-08-07,11437.77
2019-08-06,11741.49
2019-08-05,10945.73
2019-08-04,10802.52
2019-08-03,10555.76
2019-08-02,10420.81
2019-08-01,10143
2019-07-31,9726.65
2019-07-30,9690.47
2019-07-29,9725.86
2019-07-28,9702.4
2019-07-27,9949.35
2019-07-26,9974.79
2019-07-25,9944.27
2019-07-24,10001
2019-07-23,10397.31
2019-07-22,10642.95
2019-07-21,10750.5
2019-07-20,10577.26
2019-07-19,10651
2019-07-18,9791.96
2019-07-17,9563.5
2019-07-16,11013.49
2019-07-15,10321.49
2019-07-14,11419.3
2019-07-13,11851.91
2019-07-12,11383.16
2019-07-11,12143.4
2019-07-10,12425.4
2019-07-09,12075
2019-07-08,11373.19
2019-07-07,11232.47
2019-07-06,10950.53
2019-07-05,11192.68
2019-07-04,11800
2019-07-03,10708.19
2019-07-02,10655.02
2019-07-01,10706.39
2019-06-30,11811.67
2019-06-29,12382.97
2019-06-28,11090
2019-06-27,12763.93
2019-06-26,11400
2019-06-25,10790.01
2019-06-24,10601
2019-06-23,10385.47
2019-06-22,9961.55
2019-06-21,9450
2019-06-20,9214.51
2019-06-19,9012
2019-06-18,9115.5
2019-06-17,8837
2019-06-16,8781.22
2019-06-15,8640.5
2019-06-14,8213.33
2019-06-13,8138.5
2019-06-12,7902.32
2019-06-11,7988.3
2019-06-10,7666.78
2019-06-09,7959.8
2019-06-08,8005.25
2019-06-07,7805
2019-06-06,7834.07
2019-06-05,7714.5
2019-06-04,8145.5
2019-06-03,8652.19
2019-06-02,8484.99
2019-06-01,8537
2019-05-31,8317.7
2019-05-30,8500
2019-05-29,8500
2019-05-28,8494.13
2019-05-27,8334
2019-05-26,7872.5
2019-05-25,7854.33
2019-05-24,7815.6
2019-05-23,7650
2019-05-22,7869.72
2019-05-21,7897
2019-05-20,8001
2019-05-19,7270
2019-05-18,7314.99
2019-05-17,7666
2019-05-16,7900
2019-05-15,7866.81
2019-05-14,7800
2019-05-13,6960
2019-05-12,7190
2019-05-11,6431.33
2019-05-10,6215.13
2019-05-09,5974.98
2019-05-08,5775.83
2019-05-07,5664.72
2019-05-06,5756.5
2019-05-05,5755.21
2019-05-04,5642.38
2019-05-03,5459.89
2019-05-02,5374.88
2019-05-01,5341
2019-04-30,5297
2019-04-29,5362.41
2019-04-28,5380.36
2019-04-27,5367.7
2019-04-26,5275
2019-04-25,5477
2019-04-24,5561.39
2019-04-23,5423.3
2019-04-22,5337.41
2019-04-21,5346.66
2019-04-20,5313.38
2019-04-19,5295.8
2019-04-18,5260.89
2019-04-17,5218.29
2019-04-16,5081.45
2019-04-15,5193.77
2019-04-14,5145.17
2019-04-13,5139.63
2019-04-12,5098.71
2019-04-11,5333.3
2019-04-10,5234.27
2019-04-09,5297.72
2019-04-08,5171.18
2019-04-07,5065
2019-04-06,5018.51
2019-04-05,4871.63
2019-04-04,4954.68
2019-04-03,4811.51
2019-04-02,4168.16
2019-04-01,4135.59
2019-03-31,4149.99
2019-03-30,4156
2019-03-29,4071.22
2019-03-28,4089.14
2019-03-27,4004.12
2019-03-26,3997.16
2019-03-25,4053.15
2019-03-24,4065.2
2019-03-23,4055.99
2019-03-22,4066
2019-03-21,4120
2019-03-20,4092.95
2019-03-19,4068.18
2019-03-18,4062.01
2019-03-17,4075
2019-03-16,3985
2019-03-15,3956
2019-03-14,3958.74
2019-03-13,3961.25
2019-03-12,3948
2019-03-11,3985.14
2019-03-10,3996.86
2019-03-09,3943.55
2019-03-08,3947.81
2019-03-07,3920.78
2019-03-06,3933.1
2019-03-05,3834.57
2019-03-04,3919.26
2019-03-03,3929.4
2019-03-02,3935.86
2019-03-01,3913.25
2019-02-28,3915.52
2019-02-27,3910.93
2019-02-26,3933.67
2019-02-25,3880
2019-02-24,4160.5
2019-02-23,4045
2019-02-22,3982.06
2019-02-21,4027.5
2019-02-20,3968.6
2019-02-19,3929.7
2019-02-18,3752.97
2019-02-17,3715.59
2019-02-16,3675.06
2019-02-15,3668.04
2019-02-14,3688.43
2019-02-13,3690
2019-02-12,3675.92
2019-02-11,3733.7
2019-02-10,3709.44
2019-02-09,3695.07
2019-02-08,3466.57
2019-02-07,3472.28
2019-02-06,3532.33
2019-02-05,3508.52
2019-02-04,3504.1
2019-02-03,3552.1
2019-02-02,3541.4
2019-02-01,3500.76
2019-01-31,3526
2019-01-30,3501.97
2019-01-29,3538
2019-01-28,3643.02
2019-01-27,3673.98
2019-01-26,3671
2019-01-25,3680.12
2019-01-24,3677.24
2019-01-23,3700.5
2019-01-22,3660
2019-01-21,3680
2019-01-20,3791.22
2019-01-19,3731.92
2019-01-18,3757.7
2019-01-17,3723.54
2019-01-16,3709.98
2019-01-15,3792.6
2019-01-14,3630
2019-01-13,3746
2019-01-12,3765
2019-01-11,3766.99
2019-01-10,4084.3
2019-01-09,4093.47
2019-01-08,4085.3
2019-01-07,4146.6
2019-01-06,3910.22
2019-01-05,3940
2019-01-04,3899.14
2019-01-03,4014
2019-01-02,3943.76
2019-01-01,3814.16
2018-12-31,3955
2018-12-30,3854.37
2018-12-29,3986.2
2018-12-28,3740.01
2018-12-27,3937.34
2018-12-26,3905
2018-12-25,4158
2018-12-24,4030
2018-12-23,4090
2018-12-22,3937
2018-12-21,4184.76
2018-12-20,3771.9
2018-12-19,3733.2
2018-12-18,3578.1
2018-12-17,3292.42
2018-12-16,3293.46
2018-12-15,3316.9
2018-12-14,3417
2018-12-13,3559.94
2018-12-12,3499.26
2018-12-11,3554.22
2018-12-10,3667.18
2018-12-09,3544.54
2018-12-08,3537.38
2018-12-07,3670.67
2018-12-06,3890
2018-12-05,4097.42
2018-12-04,4023.7
2018-12-03,4246.61
2018-12-02,4304.3
2018-12-01,4138.06
2018-11-30,4405.9
2018-11-29,4375
2018-11-28,3930.3
2018-11-27,3899.49
2018-11-26,4100
2018-11-25,4018.19
2018-11-24,4483.35
2018-11-23,4497
2018-11-22,4777.97
2018-11-21,4632.06
2018-11-20,4978.83
2018-11-19,5823.49
2018-11-18,5802
2018-11-17,5852.2
2018-11-16,5915.8
2018-11-15,5970.2
2018-11-14,6522.2
2018-11-13,6492.07
2018-11-12,6526
2018-11-11,6523.4
2018-11-10,6472.83
2018-11-09,6535.2
2018-11-08,6580
2018-11-07,6530.94
2018-11-06,6455.46
2018-11-05,6495.03
2018-11-04,6450.8
2018-11-03,6465.6
2018-11-02,6485.61
2018-11-01,6461.76
2018-10-31,6443.03
2018-10-30,6450
2018-10-29,6570.27
2018-10-28,6599.9
2018-10-27,6605.74
2018-10-26,6602.9
2018-10-25,6602
2018-10-24,6591.7
2018-10-23,6560
2018-10-22,6603.9
2018-10-21,6609.9
2018-10-20,6577.5
2018-10-19,6651.63
2018-10-18,6690
2018-10-17,6688.6
2018-10-16,6677.83
2018-10-15,6471.93
2018-10-14,6453
2018-10-13,6429.97
2018-10-12,6387.08
2018-10-11,6636.37
2018-10-10,6649.97
2018-10-09,6684.28
2018-10-08,6646
2018-10-07,6617
2018-10-06,6664.8
2018-10-05,6624.95
2018-10-04,6591.16
2018-10-03,6609.35
2018-10-02,6620
2018-10-01,6624.7
2018-09-30,6618.8
2018-09-29,6650
2018-09-28,6680
2018-09-27,6463
2018-09-26,6450
2018-09-25,6580
2018-09-24,6675
2018-09-23,6717.16
2018-09-22,6697.38
2018-09-21,6514.04
2018-09-20,6425.5
2018-09-19,6387
2018-09-18,6333
2018-09-17,6527.08
2018-09-16,6530
2018-09-15,6517.7
2018-09-14,6520
2018-09-13,6423
2018-09-12,6400
2018-09-11,6428.87
2018-09-10,6404.17
2018-09-09,6345.61
2018-09-08,6530.1
2018-09-07,6590
2018-09-06,6754.5
2018-09-05,7348.17
2018-09-04,7260.04
2018-09-03,7278.88
2018-09-02,7184
2018-09-01,7010
2018-08-31,6969.05
2018-08-30,7012.4
2018-08-29,7042.08
2018-08-28,6859.3
2018-08-27,6701.6
2018-08-26,6750
2018-08-25,6699.6
2018-08-24,6534.52
2018-08-23,6432.6
2018-08-22,6480.25
2018-08-21,6325.1
2018-08-20,6500
2018-08-19,6408.4
2018-08-18,6546.28
2018-08-17,6300
2018-08-16,6263.47
2018-08-15,6253
2018-08-14,6367.17
2018-08-13,6390.96
2018-08-12,6340
2018-08-11,6198.22
2018-08-10,6578.9
2018-08-09,6314.1
2018-08-08,6757.2
2018-08-07,6931
2018-08-06,7053.07
2018-08-05,7056.03
2018-08-04,7416.74
2018-08-03,7567.16
2018-08-02,7610
2018-08-01,7759.68
2018-07-31,8183.43
2018-07-30,8180
2018-07-29,8209
2018-07-28,8141.41
2018-07-27,7975.8
2018-07-26,8098.99
2018-07-25,8358.42
2018-07-24,7740.62
2018-07-23,7405.8
2018-07-22,7406.4
2018-07-21,7388.16
2018-07-20,7427.1
2018-07-19,7344.9
2018-07-18,7297.9
2018-07-17,6675
2018-07-16,6369
2018-07-15,6280
2018-07-14,6264.81
2018-07-13,6293.2
2018-07-12,6413.23
2018-07-11,6372.44
2018-07-10,6695.4
2018-07-09,6714.5
2018-07-08,6752.39
2018-07-07,6627.52
2018-07-06,6584.8
2018-07-05,6608.27
2018-07-04,6530.59
2018-07-03,6560.1
2018-07-02,6324.94
2018-07-01,6358.5
2018-06-30,6278.26
2018-06-29,5946.72
2018-06-28,6132.4
2018-06-27,6155.2
2018-06-26,6335.44
2018-06-25,6296.98
2018-06-24,6310
2018-06-23,6220.43
2018-06-22,6703
2018-06-21,6724
2018-06-20,6749.9
2018-06-19,6779
2018-06-18,6614.68
2018-06-17,6645.05
2018-06-16,6573.3
2018-06-15,6708
2018-06-14,6423.4
2018-06-13,6704.1
2018-06-12,6976.16
2018-06-11,6885.95
2018-06-10,7517.58
2018-06-09,7641.53
2018-06-08,7628.92
2018-06-07,7605
2018-06-06,7557.4
2018-06-05,7493.87
2018-06-04,7633.48
2018-06-03,7583.8
2018-06-02,7482.06
2018-06-01,7449
2018-05-31,7381.2
2018-05-30,7433.15
2018-05-29,7225.5
2018-05-28,7426.8
2018-05-27,7415.18
2018-05-26,7553.16
2018-05-25,7586.7
2018-05-24,7573.26
2018-05-23,8073
2018-05-22,8360.25
2018-05-21,8470
2018-05-20,8199
2018-05-19,8197.77
2018-05-18,8125.73
2018-05-17,8308.84
2018-05-16,8431.17
2018-05-15,8581.6
2018-05-14,8762.3
2018-05-13,8608
2018-05-12,8581.81
2018-05-11,9073.25
2018-05-10,9293.43
2018-05-09,9220
2018-05-08,9412
2018-05-07,9560
2018-05-06,9579.1
2018-05-05,9482.2
2018-05-04,9494.55
2018-05-03,9164
2018-05-02,9048
2018-05-01,9291.05
2018-04-30,9359.23
2018-04-29,9271
2018-04-28,8822
2018-04-27,9199.01
2018-04-26,8825
2018-04-25,9555
2018-04-24,8870.01
2018-04-23,8807
2018-04-22,8850
2018-04-21,8693.9
2018-04-20,8272
2018-04-19,8117.96
2018-04-18,7989.1
2018-04-17,8099.19
2018-04-16,8343
2018-04-15,8027.02
2018-04-14,7939.94
2018-04-13,7903.5
2018-04-12,6970.72
2018-04-11,6952.56
2018-04-10,6920
2018-04-09,7054.1
2018-04-08,6982
2018-04-07,6800.31
2018-04-06,6976.9
2018-04-05,6948.07
2018-04-04,7539.94
2018-04-03,7184.67
2018-04-02,7039.94
2018-04-01,7158.97
2018-03-31,7145
2018-03-30,7385.31
2018-03-29,8240.2
2018-03-28,8167
2018-03-27,8450
2018-03-26,8733.95
2018-03-25,8788.9
2018-03-24,9080
2018-03-23,8900
2018-03-22,9050
2018-03-21,9149.27
2018-03-20,8768.3
2018-03-19,8320
2018-03-18,8077.1
2018-03-17,8488.65
2018-03-16,8464
2018-03-15,8828.65
2018-03-14,9570
2018-03-13,9500.1
2018-03-12,9788.42
2018-03-11,9110.22
2018-03-10,9504
2018-03-09,9855
2018-03-08,10390.69
2018-03-07,10942.15
2018-03-06,11550
2018-03-05,11583
2018-03-04,11678
2018-03-03,11240
2018-03-02,11070
2018-03-01,10728
2018-02-28,10887.89
2018-02-27,10574
2018-02-26,9994
2018-02-25,10190
2018-02-24,10591
2018-02-23,10266
2018-02-22,10880
2018-02-21,11758
2018-02-20,11265
2018-02-19,10761
2018-02-18,11215
2018-02-17,10290
2018-02-16,10219.31
2018-02-15,9497.99
2018-02-14,8832.74
2018-02-13,8975.69
2018-02-12,8360
2018-02-11,8863.4
2018-02-10,8730
2018-02-09,8545.17
2018-02-08,8060.12
2018-02-07,7949.99
2018-02-06,7756.32
2018-02-05,9050
2018-02-04,9780.05
2018-02-03,9542.82
2018-02-02,8901.5
2018-02-01,10660
2018-01-31,10970.53
2018-01-30,11876.12
2018-01-29,12098.4
2018-01-28,12052.81
2018-01-27,11968.99
2018-01-26,12030.06
2018-01-25,12152
2018-01-24,11670
2018-01-23,11968.35
2018-01-22,12805
2018-01-21,14002.1
2018-01-20,12925
2018-01-19,12814.5
2018-01-18,12818.7
2018-01-17,12873.34
2018-01-16,14967
2018-01-15,14989.27
2018-01-14,15246.5
2018-01-13,15295
2018-01-12,15049.98
2018-01-11,16200
2018-01-10,15600
2018-01-09,16345
2018-01-08,17170
2018-01-07,18000
2018-01-06,18037
2018-01-05,15650
2018-01-04,15300.01
2018-01-03,15159.13
2018-01-02,14278.49
2018-01-01,14750
2017-12-31,13890
2017-12-30,15135
2017-12-29,15350
2017-12-28,16110.56
2017-12-27,16248.3
2017-12-26,14310.12
2017-12-25,14062
2017-12-24,14855
2017-12-23,13842.75
2017-12-22,15340
2017-12-21,16582
2017-12-20,17837.45
2017-12-19,18719.94
2017-12-18,19250
2017-12-17,19300
2017-12-16,17649.91
2017-12-15,16371.48
2017-12-14,16288.72
2017-12-13,16425.24
2017-12-12,16435
2017-12-11,15339.9
2017-12-10,14930
2017-12-09,16035.1
2017-12-08,17000
2017-12-07,14055
2017-12-06,11788.2
2017-12-05,11490
2017-12-04,11188.26
2017-12-03,10889
2017-12-02,10640.72
2017-12-01,10020
2017-11-30,9838
2017-11-29,9905.2
2017-11-28,9518.52
2017-11-27,9068.11
2017-11-26,8570.23
2017-11-25,8085.05
2017-11-24,8033
2017-11-23,8120.05
2017-11-22,8110
2017-11-21,8009.37
2017-11-20,7819.58
2017-11-19,7626.82
2017-11-18,7602
2017-11-17,7601.01
2017-11-16,7229.9
2017-11-15,6613.1
2017-11-14,6560
2017-11-13,5909.34
2017-11-12,6345.13
2017-11-11,6655.52
2017-11-10,7053.06
2017-11-09,7358.77
2017-11-08,7053.2
2017-11-07,6998.01
2017-11-06,7394.97
2017-11-05,7235
2017-11-04,7101.21
2017-11-03,7009.98
2017-11-02,6670
2017-11-01,6305
2017-10-31,6024.94
2017-10-30,5970
2017-10-29,5716.58
2017-10-28,5748.8
2017-10-27,5845.63
2017-10-26,5678.49
2017-10-25,5499.1
2017-10-24,5750
2017-10-23,5884.74
2017-10-22,5913.2
2017-10-21,5790.01
2017-10-20,5610
2017-10-19,5493
2017-10-18,5473.2
2017-10-17,5481
2017-10-16,5410.45
2017-10-15,5510
2017-10-14,5365.01
2017-10-13,5209.44
2017-10-12,4734.8
2017-10-11,4731.57
2017-10-10,4745.69
2017-10-09,4545
2017-10-08,4366.36
2017-10-07,4315
2017-10-06,4291.11
2017-10-05,4211
2017-10-04,4276.48
2017-10-03,4360
2017-10-02,4326.24
2017-10-01,4284
2017-09-30,4135
2017-09-29,4140.2
2017-09-28,4160
2017-09-27,3886.1
2017-09-26,3882.5
2017-09-25,3666.1
2017-09-24,3724.41
2017-09-23,3611.37
2017-09-22,3675
2017-09-21,4000
2017-09-20,3982
2017-09-19,4150.3
2017-09-18,3765.51
2017-09-17,3795
2017-09-16,3824.99
2017-09-15,3305.07
2017-09-14,3949.87
2017-09-13,4246.06
2017-09-12,4300.08
2017-09-11,4355.6
2017-09-10,4390
2017-09-09,4348.65
2017-09-08,4603.2
2017-09-07,4558
2017-09-06,4466.2
2017-09-05,4324.93
2017-09-04,4641
2017-09-03,4612.01
2017-09-02,4901
2017-09-01,4682
2017-08-31,4521.1
2017-08-30,4513
2017-08-29,4315.6
2017-08-28,4273
2017-08-27,4270.04
2017-08-26,4260.01
2017-08-25,4254
2017-08-24,4096
2017-08-23,4055.7
2017-08-22,4000.02
2017-08-21,4085
2017-08-20,4100.63
2017-08-19,4113.08
2017-08-18,4247.85
2017-08-17,4210
2017-08-16,4060.9
2017-08-15,4200.39
2017-08-14,4029.98
2017-08-13,3790
2017-08-12,3550
2017-08-11,3362.24
2017-08-10,3315
2017-08-09,3335
2017-08-08,3276
2017-08-07,3154
2017-08-06,3090
2017-08-05,2795.97
2017-08-04,2715.31
2017-08-03,2683.49
2017-08-02,2622.61
2017-08-01,2728.9
2017-07-31,2683.27
2017-07-30,2678.99
2017-07-29,2703.04
2017-07-28,2625
2017-07-27,2515
2017-07-26,2582.01
2017-07-25,2748.97
2017-07-24,2710.05
2017-07-23,2779.24
2017-07-22,2670.61
2017-07-21,2736.85
2017-07-20,2301.83
2017-07-19,2284.98
2017-07-18,2179.5
2017-07-17,1957.62
2017-07-16,2078.8
2017-07-15,2281.99
2017-07-14,2378.61
2017-07-13,2415
2017-07-12,2400.41
2017-07-11,2479.97
2017-07-10,2599.99
2017-07-09,2591.12
2017-07-08,2568.71
2017-07-07,2607
2017-07-06,2600.28
2017-07-05,2607.96
2017-07-04,2593
2017-07-03,2549.99
2017-07-02,2505.03
2017-07-01,2559.69
2017-06-30,2570.1
2017-06-29,2593.1
2017-06-28,2530
2017-06-27,2517
2017-06-26,2640
2017-06-25,2695.06
2017-06-24,2762
2017-06-23,2724.7
2017-06-22,2745
2017-06-21,2719.81
2017-06-20,2609.99
2017-06-19,2571.01
2017-06-18,2664.01
2017-06-17,2557.43
2017-06-16,2525.98
2017-06-15,2648
2017-06-14,2736
2017-06-13,2613
2017-06-12,2885
2017-06-11,2805
2017-06-10,2727.89
2017-06-09,2688.31
2017-06-08,2686.79
2017-06-07,2739.98
2017-06-06,2589.37
2017-06-05,2445.24
2017-06-04,2478.35
2017-06-03,2386.02
2017-06-02,2296.99
2017-06-01,2164
2017-05-31,2110
2017-05-30,2165
2017-05-29,2135
2017-05-28,1993.57
2017-05-27,2245.98
2017-05-26,2307.99
2017-05-25,2448.1
2017-05-24,2264.4
2017-05-23,2131.43
2017-05-22,2027
2017-05-21,1986.7
2017-05-20,1929.9
2017-05-19,1840
2017-05-18,1751.83
2017-05-17,1702
2017-05-16,1693.2
2017-05-15,1744.87
2017-05-14,1751.2
2017-05-13,1701.2
2017-05-12,1777.22
2017-05-11,1715
2017-05-10,1647.5
2017-05-09,1625.4
2017-05-08,1509.6
2017-05-07,1505.82
2017-05-06,1487.5
2017-05-05,1452.81
2017-05-04,1427.6
2017-05-03,1408
2017-05-02,1371.3
2017-05-01,1301.82
2017-04-30,1298.82
2017-04-29,1292.96
2017-04-28,1298.03
2017-04-27,1277.95
2017-04-26,1261.42
2017-04-25,1238
2017-04-24,1240
2017-04-23,1233.65
2017-04-22,1238.55
2017-04-21,1218.2
2017-04-20,1209
2017-04-19,1209.03
2017-04-18,1191.8
2017-04-17,1175
2017-04-16,1174.56
2017-04-15,1183.57
2017-04-14,1185.8
2017-04-13,1203.57
2017-04-12,1216.5
2017-04-11,1192.9
2017-04-10,1195
2017-04-09,1169.9
2017-04-08,1190
2017-04-07,1188
2017-04-06,1124.55
2017-04-05,1125.3
2017-04-04,1128.9
2017-04-03,1089
2017-04-02,1085
2017-04-01,1086
2017-03-31,1036.15
2017-03-30,1037.15
2017-03-29,1041.88
2017-03-28,1043.79
2017-03-27,978.97
2017-03-26,982
2017-03-25,951.2
2017-03-24,1045
2017-03-23,1041.95
2017-03-22,1118
2017-03-21,1044.3
2017-03-20,1032.8
2017-03-19,980.92
2017-03-18,1075.3
2017-03-17,1180.63
2017-03-16,1245.02
2017-03-15,1232.8
2017-03-14,1223.26
2017-03-13,1223.2
2017-03-12,1169.16
2017-03-11,1118
2017-03-10,1190.83
2017-03-09,1141.12
2017-03-08,1235
2017-03-07,1257.58
2017-03-06,1259
2017-03-05,1250.22
2017-03-04,1256.06
2017-03-03,1243
2017-03-02,1201.91
2017-03-01,1184
2017-02-28,1189
2017-02-27,1151.89
2017-02-26,1144.96
2017-02-25,1169.77
2017-02-24,1157.3
2017-02-23,1095.39
2017-02-22,1090.89
2017-02-21,1070
2017-02-20,1044.44
2017-02-19,1040.5
2017-02-18,1045.27
2017-02-17,1021.8
2017-02-16,1000.09
2017-02-15,1004
2017-02-14,989.02
2017-02-13,1002.59
2017-02-12,1006.6
2017-02-11,1001
2017-02-10,978
2017-02-09,1043
2017-02-08,1036.89
2017-02-07,1009.43
2017-02-06,994.12
2017-02-05,1007.89
2017-02-04,996.25
2017-02-03,990.31
2017-02-02,974.2
2017-02-01,967
2017-01-31,918.57
2017-01-30,909.31
2017-01-29,915.28
2017-01-28,911
2017-01-27,905.5
2017-01-26,894.42
2017-01-25,902.02
2017-01-24,914.88
2017-01-23,914.01
2017-01-22,920.35
2017-01-21,895.13
2017-01-20,899.37
2017-01-19,885.01
2017-01-18,897.98
2017-01-17,833.01
2017-01-16,817.5
2017-01-15,814.9
2017-01-14,815
2017-01-13,810.08
2017-01-12,789.46
2017-01-11,900
2017-01-10,905
2017-01-09,903.76
2017-01-08,875.17
2017-01-07,825.84
2017-01-06,945.1
2017-01-05,1072.97
2017-01-04,1034.08
2017-01-03,1009.51
2017-01-02,992.12
2017-01-01,952.69
2016-12-31,961.28
2016-12-30,962.99
2016-12-29,966
2016-12-28,932
2016-12-27,893.08
2016-12-26,882.88
2016-12-25,890.22
2016-12-24,907.14
2016-12-23,856
2016-12-22,836
2016-12-21,793.25
2016-12-20,786
2016-12-19,786.61
2016-12-18,786.97
2016-12-17,786.49
2016-12-16,780.57
2016-12-15,782
2016-12-14,780.99
2016-12-13,778.8
2016-12-12,774.74
2016-12-11,772.49
2016-12-10,769.02
2016-12-09,767
2016-12-08,764.53
2016-12-07,752.9
2016-12-06,758.59
2016-12-05,763.78
2016-12-04,766.98
2016-12-03,770
2016-12-02,745.79
2016-12-01,740.8
2016-11-30,735.1
2016-11-29,735.02
2016-11-28,732.31
2016-11-27,731.74
2016-11-26,742.69
2016-11-25,741.81
2016-11-24,744.85
2016-11-23,753.12
2016-11-22,743.92
2016-11-21,735.37
2016-11-20,758.96
2016-11-19,755.35
2016-11-18,733.78
2016-11-17,737.69
2016-11-16,710.39
2016-11-15,700
2016-11-14,700.95
2016-11-13,703
2016-11-12,710.01
2016-11-11,710.16
2016-11-10,722.1
2016-11-09,704.82
2016-11-08,703.29
2016-11-07,702.88
2016-11-06,697.52
2016-11-05,699.56
2016-11-04,687.5
2016-11-03,744.99
2016-11-02,725.8
2016-11-01,700.74
2016-10-31,700
2016-10-30,707.02
2016-10-29,686.17
2016-10-28,681
2016-10-27,670.39
2016-10-26,651.3
2016-10-25,648.5
2016-10-24,644.78
2016-10-23,648.11
2016-10-22,628.63
2016-10-21,628.16
2016-10-20,628.84
2016-10-19,635.95
2016-10-18,634.63
2016-10-17,636.7
2016-10-16,637.44
2016-10-15,636.9
2016-10-14,639.96
2016-10-13,637.64
2016-10-12,639.3
2016-10-11,616.67
2016-10-10,615.24
2016-10-09,615.57
2016-10-08,615.98
2016-10-07,605.63
2016-10-06,605.2
2016-10-05,611.7
2016-10-04,609.49
2016-10-03,606.98
2016-10-02,607.33
2016-10-01,603.87
2016-09-30,604.08
2016-09-29,607.75
2016-09-28,609.5
2016-09-27,611
2016-09-26,606.42
2016-09-25,600.11
2016-09-24,601.43
2016-09-23,596.49
2016-09-22,600.88
2016-09-21,614.99
2016-09-20,616.04
2016-09-19,615.39
2016-09-18,610.06
2016-09-17,609
2016-09-16,610.43
2016-09-15,612.54
2016-09-14,611.41
2016-09-13,606.84
2016-09-12,607.13
2016-09-11,619.5
2016-09-10,616
2016-09-09,622.55
2016-09-08,608.04
2016-09-07,601.01
2016-09-06,598.48
2016-09-05,606
2016-09-04,592.12
2016-09-03,571.71
2016-09-02,565.35
2016-09-01,567.85
2016-08-31,574.6
2016-08-30,568.31
2016-08-29,569.91
2016-08-28,564.68
2016-08-27,574.85
2016-08-26,574
2016-08-25,577.17
2016-08-24,575.55
2016-08-23,583.29
2016-08-22,573.79
2016-08-21,575.78
2016-08-20,569
2016-08-19,573.62
2016-08-18,570
2016-08-17,576.39
2016-08-16,567.88
2016-08-15,566
2016-08-14,587.76
2016-08-13,583.73
2016-08-12,584
2016-08-11,589.11
2016-08-10,581
2016-08-09,584
2016-08-08,589.86
2016-08-07,583.44
2016-08-06,571.05
2016-08-05,573.35
2016-08-04,559.31
2016-08-03,530.01
2016-08-02,616.69
2016-08-01,626.9
2016-07-31,658.2
2016-07-30,658.2
2016-07-29,658.2
2016-07-28,658.2
2016-07-27,644.3
2016-07-26,647.4
2016-07-25,654.57
2016-07-24,651
2016-07-23,648
2016-07-22,659.55
2016-07-21,664.81
2016-07-20,668.5
2016-07-19,667.69
2016-07-18,675.32
2016-07-17,662.44
2016-07-16,664.21
2016-07-15,657.5
2016-07-14,658.11
2016-07-13,670
2016-07-12,647.65
2016-07-11,649.64
2016-07-10,656.95
2016-07-09,664.72
2016-07-08,615.6
2016-07-07,669.01
2016-07-06,664.3
2016-07-05,674
2016-07-04,664.55
2016-07-03,694.22
2016-07-02,668.67
2016-07-01,661.43
2016-06-30,634.69
2016-06-29,643.7
2016-06-28,641.19
2016-06-27,621.49
2016-06-26,658.5
2016-06-25,674.8
2016-06-24,651.17
2016-06-23,606.99
2016-06-22,643
2016-06-21,718.44
2016-06-20,748.96
2016-06-19,744.5
2016-06-18,741.6
2016-06-17,750.08
2016-06-16,678.9
2016-06-15,672.24
2016-06-14,684.15
2016-06-13,652.06
2016-06-12,604.88
2016-06-11,582
2016-06-10,574.34
2016-06-09,577.64
2016-06-08,575.5
2016-06-07,574.14
2016-06-06,565.11
2016-06-05,574
2016-06-04,556.92
2016-06-03,538
2016-06-02,526.77
2016-06-01,523.89
2016-05-31,528.48
2016-05-30,513.58
2016-05-29,506.99
2016-05-28,465.99
2016-05-27,451.95
2016-05-26,448
2016-05-25,446.8
2016-05-24,444
2016-05-23,438.33
2016-05-22,442
2016-05-21,442.98
2016-05-20,436
2016-05-19,451.5
2016-05-18,454.77
2016-05-17,453.93
2016-05-16,456.12
2016-05-15,454.61
2016-05-14,453.98
2016-05-13,452.48
2016-05-12,449.97
2016-05-11,453.44
2016-05-10,459.49
2016-05-09,451.73
2016-05-08,453.5
2016-05-07,453.11
2016-05-06,446.81
2016-05-05,445.65
2016-05-04,449.5
2016-05-03,442.42
2016-05-02,449.56
2016-05-01,447.06
2016-04-30,452.54
2016-04-29,448.03
2016-04-28,446.4
2016-04-27,460
2016-04-26,455.89
2016-04-25,458.89
2016-04-24,445.51
2016-04-23,442.03
2016-04-22,447.35
2016-04-21,436.1
2016-04-20,433.73
2016-04-19,426.2
2016-04-18,426.02
2016-04-17,429.39
2016-04-16,426.55
2016-04-15,427
2016-04-14,425.79
2016-04-13,427.22
2016-04-12,424.68
2016-04-11,423.5
2016-04-10,421.5
2016-04-09,418.24
2016-04-08,422.1
2016-04-07,419
2016-04-06,422
2016-04-05,423.4
2016-04-04,419.96
2016-04-03,419.55
2016-04-02,416
2016-04-01,416.2
2016-03-31,418.4
2016-03-30,416
2016-03-29,424.7
2016-03-28,423.88
2016-03-27,415.49
2016-03-26,417.9
2016-03-25,417.2
2016-03-24,418.7
2016-03-23,423
2016-03-22,413
2016-03-21,411.41
2016-03-20,407
2016-03-19,408.29
2016-03-18,415.5
2016-03-17,414.63
2016-03-16,417.04
2016-03-15,413.3
2016-03-14,412.89
2016-03-13,410
2016-03-12,419.25
2016-03-11,415.39
2016-03-10,410
2016-03-09,410.45
2016-03-08,412.54
2016-03-07,405.95
2016-03-06,398.17
2016-03-05,412.85
2016-03-04,417.9
2016-03-03,420.28
